{
    "aggregate_by": "EXPERIMENT",
    "created_at": "2023-11-02T13:17:29",
    "experiments": {
        "SRP059735": {
            "accession_code": "SRP059735",
            "description": "BACKGROUND: Combination antiretroviral therapy (cART) is able to control HIV-1 viral replication, however long-lived latent infection in resting memory CD4+ T-cells persist. The mechanisms for establishment and maintenance of latent infection in resting memory CD4+ T-cells remain unclear. Previously we have shown that HIV-1 infection of resting CD4+ T-cells co-cultured with CD11c+ myeloid dendritic cells (mDC) produced a population of non-proliferating T-cells with latent infection. Here we asked whether different antigen presenting cells (APC), including subpopulations of DC and monocytes, were able to induce post-integration latent infection in resting CD4+ T-cells, and examined potential cell interactions that may be involved using RNA-seq. RESULTS: mDC (CD1c+), SLAN+ DC and CD14+ monocytes were most efficient in stimulating proliferation of CD4+ T-cells during syngeneic culture and in generating post-integration latent infection in non-proliferating CD4+ T-cells following HIV-1 infection of APC-T-cell co-cultures. In comparison, plasmacytoid DC (pDC) and B-cells did not induce latent infection in APC-T-cell co-cultures. We compared the RNA expression profiles of APC subpopulations that could and could not induce latency in non-proliferating CD4+ T-cells. Gene expression analysis, comparing the mDC, SLAN+ DC and CD14+ monocyte subpopulations to pDC identified 53 upregulated genes that encode proteins expressed on the plasma membrane that could signal to CD4+ T-cells via cell-cell interactions (32 genes), immune checkpoints (IC) (5 genes), T-cell activation (9 genes), regulation of apoptosis (5 genes), antigen presentation (1 gene) and through unknown ligands (1 gene). CONCLUSIONS: APC subpopulations from the myeloid lineage, specifically mDC subpopulations and CD14+ monocytes, were able to efficiently induce post-integration HIV-1 latency in non-proliferating CD4+ T-cells in vitro. Inhibition of key pathways involved in mDC-T-cell interactions and HIV-1 latency may provide novel targets to eliminate HIV latency. Overall design: mRNA profiles of sorted, pure antigen presenting cells including, CD1c+ myleoid dendirtic cells (mDC), SLAN+ mDC, CD14+ monocytes and plasmacytoid DC (pDC), were generated using next generation sequencing in triplicate, using Illumina Illumina Hiseq 2000.",
            "has_publication": true,
            "organisms": [
                "HOMO_SAPIENS"
            ],
            "protocol_description": "PBMC were isolated by Ficoll-Paque density gradient centrifugation (GE Healthcare, Chalfont St. Giles, United Kingdom) from healthy buffy coats obtained from the Australian Red Cross. PBMC were further separated into three populations by counter-current elutriation using Beckman J-6 M/E centrifuge equipped with a JE 5.0 rotor (Beckman Coulter, Pasedena, CA, USA; [70]). The three fractions were isolated at rates of 12 (small lymphocytes), 16 (large lymphocytes) and 20 (DC/Monocytes fractions) ml/min. dendritic cells and monocytes were islated from the large cell fraction. The large cell fraction was first stained with antibodies specific for the DC subsets, which included CD1c-APC (Miltenyi), CD141-VioBlue (Miltenyi), CD123-PE (BD BioSciences, Franklin Lakes, NJ, USA) and SLAN-FITC (Miltenyi), and labeled with anti-IgG beads (Miltenyi). DC were then isolated using an AutoMACS (Miltenyi) into positive and negative fractions. The positive fraction (DC enriched) was further sorted into four DC subsets: CD1c+ mDC, SLAN+ DC, CD141+ mDC and CD123+ pDC, using a FACSAria (BD BioSciences). The negative fraction (DC depleted/mono) was stained with anti-CD14-FITC and anti-CD16-PE (BD Biosciences) antibodies, labeled with IgG beads (Miltenyi) and a positive selection performed using an AutoMACS (Miltenyi) to obtain a bulk monocyte population. These cells were further sorted to obtain the CD14+CD16- (CD14+) and CD16+CD14lo (CD16+) monocyte subsets using a FACSAria. Cell populations with a purity \u00e2\u2030\u00a590% were used, as determined by flow cytometry (LSR II or FACSAria; BD Bioscience). RNA libraries were prepared for sequencing using standard Illumina protocols",
            "publication_doi": "",
            "publication_title": "The role of antigen presenting cells in the induction of HIV-1 latency in resting CD4(+) T-cells.",
            "pubmed_id": "26362311",
            "sample_accession_codes": [
                "SRR2072603",
                "SRR2072599",
                "SRR2072600",
                "SRR2072602",
                "SRR2072601",
                "SRR2072604",
                "SRR2072605",
                "SRR2072606",
                "SRR2072609",
                "SRR2072608",
                "SRR2072610",
                "SRR2072607"
            ],
            "source_first_published": "2015-12-25T00:00:00",
            "source_last_modified": "2015-12-25T00:00:00",
            "submitter_institution": "",
            "technology": "RNA-SEQ",
            "title": "The role of antigen presenting cells in the induction of HIV-1 latency in resting CD4+ T-cells"
        }
    },
    "ks_pvalue": null,
    "ks_statistic": null,
    "ks_warning": null,
    "num_experiments": 1,
    "num_samples": 10,
    "quant_sf_only": false,
    "quantile_normalized": false,
    "samples": {
        "SRR2072599": {
            "refinebio_accession_code": "SRR2072599",
            "refinebio_age": "",
            "refinebio_annotations": [],
            "refinebio_cell_line": "",
            "refinebio_compound": "",
            "refinebio_disease": "",
            "refinebio_disease_stage": "",
            "refinebio_genetic_information": "",
            "refinebio_organism": "HOMO_SAPIENS",
            "refinebio_platform": "Illumina HiSeq 2500 (IlluminaHiSeq2500)",
            "refinebio_processed": true,
            "refinebio_processor_id": 61,
            "refinebio_processor_name": "Tximport",
            "refinebio_processor_version": "v1.3.4",
            "refinebio_race": "",
            "refinebio_sex": "",
            "refinebio_source_archive_url": "",
            "refinebio_source_database": "SRA",
            "refinebio_specimen_part": "",
            "refinebio_subject": "",
            "refinebio_time": "",
            "refinebio_title": "Donor 97 pDC",
            "refinebio_treatment": ""
        },
        "SRR2072600": {
            "refinebio_accession_code": "SRR2072600",
            "refinebio_age": "",
            "refinebio_annotations": [],
            "refinebio_cell_line": "",
            "refinebio_compound": "",
            "refinebio_disease": "",
            "refinebio_disease_stage": "",
            "refinebio_genetic_information": "",
            "refinebio_organism": "HOMO_SAPIENS",
            "refinebio_platform": "Illumina HiSeq 2500 (IlluminaHiSeq2500)",
            "refinebio_processed": true,
            "refinebio_processor_id": 61,
            "refinebio_processor_name": "Tximport",
            "refinebio_processor_version": "v1.3.4",
            "refinebio_race": "",
            "refinebio_sex": "",
            "refinebio_source_archive_url": "",
            "refinebio_source_database": "SRA",
            "refinebio_specimen_part": "",
            "refinebio_subject": "",
            "refinebio_time": "",
            "refinebio_title": "Donor 97 CD1c+ mDC",
            "refinebio_treatment": ""
        },
        "SRR2072601": {
            "refinebio_accession_code": "SRR2072601",
            "refinebio_age": "",
            "refinebio_annotations": [],
            "refinebio_cell_line": "",
            "refinebio_compound": "",
            "refinebio_disease": "",
            "refinebio_disease_stage": "",
            "refinebio_genetic_information": "",
            "refinebio_organism": "HOMO_SAPIENS",
            "refinebio_platform": "Illumina HiSeq 2500 (IlluminaHiSeq2500)",
            "refinebio_processed": true,
            "refinebio_processor_id": 61,
            "refinebio_processor_name": "Tximport",
            "refinebio_processor_version": "v1.3.4",
            "refinebio_race": "",
            "refinebio_sex": "",
            "refinebio_source_archive_url": "",
            "refinebio_source_database": "SRA",
            "refinebio_specimen_part": "",
            "refinebio_subject": "",
            "refinebio_time": "",
            "refinebio_title": "Donor 97 SLAN DC",
            "refinebio_treatment": ""
        },
        "SRR2072602": {
            "refinebio_accession_code": "SRR2072602",
            "refinebio_age": "",
            "refinebio_annotations": [],
            "refinebio_cell_line": "",
            "refinebio_compound": "",
            "refinebio_disease": "",
            "refinebio_disease_stage": "",
            "refinebio_genetic_information": "",
            "refinebio_organism": "HOMO_SAPIENS",
            "refinebio_platform": "Illumina HiSeq 2500 (IlluminaHiSeq2500)",
            "refinebio_processed": true,
            "refinebio_processor_id": 61,
            "refinebio_processor_name": "Tximport",
            "refinebio_processor_version": "v1.3.4",
            "refinebio_race": "",
            "refinebio_sex": "",
            "refinebio_source_archive_url": "",
            "refinebio_source_database": "SRA",
            "refinebio_specimen_part": "",
            "refinebio_subject": "",
            "refinebio_time": "",
            "refinebio_title": "Donor 97 CD14+ mono",
            "refinebio_treatment": ""
        },
        "SRR2072603": {
            "refinebio_accession_code": "SRR2072603",
            "refinebio_age": "",
            "refinebio_annotations": [],
            "refinebio_cell_line": "",
            "refinebio_compound": "",
            "refinebio_disease": "",
            "refinebio_disease_stage": "",
            "refinebio_genetic_information": "",
            "refinebio_organism": "HOMO_SAPIENS",
            "refinebio_platform": "Illumina HiSeq 2500 (IlluminaHiSeq2500)",
            "refinebio_processed": true,
            "refinebio_processor_id": 61,
            "refinebio_processor_name": "Tximport",
            "refinebio_processor_version": "v1.3.4",
            "refinebio_race": "",
            "refinebio_sex": "",
            "refinebio_source_archive_url": "",
            "refinebio_source_database": "SRA",
            "refinebio_specimen_part": "",
            "refinebio_subject": "",
            "refinebio_time": "",
            "refinebio_title": "Donor 28 pDC",
            "refinebio_treatment": ""
        },
        "SRR2072604": {
            "refinebio_accession_code": "SRR2072604",
            "refinebio_age": "",
            "refinebio_annotations": [],
            "refinebio_cell_line": "",
            "refinebio_compound": "",
            "refinebio_disease": "",
            "refinebio_disease_stage": "",
            "refinebio_genetic_information": "",
            "refinebio_organism": "HOMO_SAPIENS",
            "refinebio_platform": "Illumina HiSeq 2500 (IlluminaHiSeq2500)",
            "refinebio_processed": true,
            "refinebio_processor_id": 61,
            "refinebio_processor_name": "Tximport",
            "refinebio_processor_version": "v1.3.4",
            "refinebio_race": "",
            "refinebio_sex": "",
            "refinebio_source_archive_url": "",
            "refinebio_source_database": "SRA",
            "refinebio_specimen_part": "",
            "refinebio_subject": "",
            "refinebio_time": "",
            "refinebio_title": "Donor 28 CD1c+ mDC",
            "refinebio_treatment": ""
        },
        "SRR2072605": {
            "refinebio_accession_code": "SRR2072605",
            "refinebio_age": "",
            "refinebio_annotations": [],
            "refinebio_cell_line": "",
            "refinebio_compound": "",
            "refinebio_disease": "",
            "refinebio_disease_stage": "",
            "refinebio_genetic_information": "",
            "refinebio_organism": "HOMO_SAPIENS",
            "refinebio_platform": "Illumina HiSeq 2500 (IlluminaHiSeq2500)",
            "refinebio_processed": true,
            "refinebio_processor_id": 61,
            "refinebio_processor_name": "Tximport",
            "refinebio_processor_version": "v1.3.4",
            "refinebio_race": "",
            "refinebio_sex": "",
            "refinebio_source_archive_url": "",
            "refinebio_source_database": "SRA",
            "refinebio_specimen_part": "",
            "refinebio_subject": "",
            "refinebio_time": "",
            "refinebio_title": "Donor 28 SLAN DC",
            "refinebio_treatment": ""
        },
        "SRR2072606": {
            "refinebio_accession_code": "SRR2072606",
            "refinebio_age": "",
            "refinebio_annotations": [],
            "refinebio_cell_line": "",
            "refinebio_compound": "",
            "refinebio_disease": "",
            "refinebio_disease_stage": "",
            "refinebio_genetic_information": "",
            "refinebio_organism": "HOMO_SAPIENS",
            "refinebio_platform": "Illumina HiSeq 2500 (IlluminaHiSeq2500)",
            "refinebio_processed": true,
            "refinebio_processor_id": 61,
            "refinebio_processor_name": "Tximport",
            "refinebio_processor_version": "v1.3.4",
            "refinebio_race": "",
            "refinebio_sex": "",
            "refinebio_source_archive_url": "",
            "refinebio_source_database": "SRA",
            "refinebio_specimen_part": "",
            "refinebio_subject": "",
            "refinebio_time": "",
            "refinebio_title": "Donor 28 CD14+ Mono",
            "refinebio_treatment": ""
        },
        "SRR2072608": {
            "refinebio_accession_code": "SRR2072608",
            "refinebio_age": "",
            "refinebio_annotations": [],
            "refinebio_cell_line": "",
            "refinebio_compound": "",
            "refinebio_disease": "",
            "refinebio_disease_stage": "",
            "refinebio_genetic_information": "",
            "refinebio_organism": "HOMO_SAPIENS",
            "refinebio_platform": "Illumina HiSeq 2500 (IlluminaHiSeq2500)",
            "refinebio_processed": true,
            "refinebio_processor_id": 61,
            "refinebio_processor_name": "Tximport",
            "refinebio_processor_version": "v1.3.4",
            "refinebio_race": "",
            "refinebio_sex": "",
            "refinebio_source_archive_url": "",
            "refinebio_source_database": "SRA",
            "refinebio_specimen_part": "",
            "refinebio_subject": "",
            "refinebio_time": "",
            "refinebio_title": "Donor 36 CD1c+ mDC",
            "refinebio_treatment": ""
        },
        "SRR2072609": {
            "refinebio_accession_code": "SRR2072609",
            "refinebio_age": "",
            "refinebio_annotations": [],
            "refinebio_cell_line": "",
            "refinebio_compound": "",
            "refinebio_disease": "",
            "refinebio_disease_stage": "",
            "refinebio_genetic_information": "",
            "refinebio_organism": "HOMO_SAPIENS",
            "refinebio_platform": "Illumina HiSeq 2500 (IlluminaHiSeq2500)",
            "refinebio_processed": true,
            "refinebio_processor_id": 61,
            "refinebio_processor_name": "Tximport",
            "refinebio_processor_version": "v1.3.4",
            "refinebio_race": "",
            "refinebio_sex": "",
            "refinebio_source_archive_url": "",
            "refinebio_source_database": "SRA",
            "refinebio_specimen_part": "",
            "refinebio_subject": "",
            "refinebio_time": "",
            "refinebio_title": "Donor 36 SLAN DC",
            "refinebio_treatment": ""
        }
    },
    "scale_by": "NONE"
}